"town_a_minutes","town_b_minutes"
35,58
28,36
31,42
33,35
32,18
30,23
36,32
30,20
38,40
30,26
35,27
39,40
24,23
29,38
29,13
33,15
29,10
19,31
20,28
35,47
29,29
23,46
29,53
35,24
38,35
28,20
29,39
23,17
32,18
27,33
32,31
33,33
34,31
28,24
32,28
23,49
27,30
27,14
20,20
30,17
31,19
29,15
33,38
27,38
25,27
32,21
27,20
36,35
28,33
33,35
31,30
27,37
36,35
33,37
30,36
31,50
33,17
30,48
18,26
31,29
29,31
31,25
32,26
36,30
27,9
35,37
31,23
34,47
34,33
33,21
26,32
30,33
32,41
26,28
28,6
32,14
33,20
32,35
26,27
26,23
36,20
31,32
30,20
30,25
25,19
32,13
29,41
29,14
34,31
33,23
36,17
28,33
33,34
36,45
26,34
27,28
25,61
24,22
30,18
33,24
35,29
34,37
26,35
37,29
27,20
30,44
28,41
30,21
31,38
30,35
30,43
30,32
28,16
28,40
23,21
28,36
28,50
41,13
25,49
31,46
24,24
24,27
30,22
26,23
30,37
28,19
28,28
22,28
25,29
31,32
32,49
28,25
30,20
34,40
36,35
26,33
30,37
35,13
28,43
30,35
30,41
26,23
28,8
30,24
28,19
34,57
28,25
28,27
33,43
26,37
30,38
24,62
35,32
29,53
28,33
25,12
30,3
27,38
28,18
35,31
29,51
26,34
31,27
29,7
32,20
36,23
26,38
32,36
30,30
34,32
29,27
33,30
23,33
37,35
33,52
29,17
24,48
33,38
32,11
30,27
31,22
28,19
31,12
31,24
29,25
25,26
33,5
32,35
27,39
24,39
31,39
29,32
31,48
25,19
26,15
34,34
32,35
32,21
37,30
31,34
22,35
31,41
35,41
38,1
24,51
25,35
27,23
26,17
27,41
29,34
25,43
38,29
30,27
30,57
32,6
30,35
29,35
36,35
29,37
25,27
32,44
29,1
28,20
26,29
32,32
29,35
32,38
29,12
27,30
35,36
29,46
34,29
25,49
28,27
29,29
28,32
35,24
30,39
31,14
26,30
27,24
34,23
35,44
35,43
24,49
38,27
34,30
30,11
33,25
26,51
26,25
30,16
25,31
31,45
35,11
26,27
27,36
30,54
26,23
28,48
33,25
34,18
32,16
23,27
30,30
34,26
33,43
29,32
19,29
30,23
32,14
30,6
31,33
32,30
28,46
35,33
32,40
25,30
36,20
35,33
33,34
23,20
28,30
33,54
30,16
31,48
40,27
27,48
22,20
31,29
27,34
32,29
27,38
39,28
30,45
28,32
29,38
33,16
30,22
23,43
30,36
33,28
30,29
33,39
29,27
30,31
32,10
34,51
25,39
30,40
30,7
27,30
26,25
27,13
32,39
28,45
27,23
31,27
25,51
34,10
28,39
31,26
30,29
30,23
37,43
27,16
35,42
30,47
27,10
30,16
33,37
28,19
27,22
31,25
34,26
30,38
24,23
25,31
27,39
28,12
30,22
33,40
28,25
26,20
32,40
31,25
35,25
23,28
30,39
35,24
33,36
27,37
33,18
27,29
28,24
35,35
29,12
33,48
29,46
24,20
27,22
26,19
28,28
29,24
29,31
29,7
38,32
24,30
28,11
31,33
37,31
30,27
35,30
23,35
36,34
27,25
29,44
26,30
31,28
37,41
40,42
26,22
32,18
36,22
29,16
29,9
29,34
32,28
36,38
33,30
31,35
29,24
32,18
28,39
29,39
34,9
32,41
31,9
29,29
34,25
35,28
27,43
30,15
30,27
28,61
26,12
30,22
33,30
36,32
22,24
27,27
29,43
23,28
27,33
27,34
27,35
21,36
31,31
27,21
36,29
33,18
24,31
30,26
28,29
34,17
30,27
28,17
32,25
31,36
29,33
38,41
28,36
28,31
24,42
30,44
34,13
22,41
29,39
25,41
36,19
35,59
31,30
36,31
27,28
34,39
28,31
31,21
29,47
29,26
32,37
25,22
29,17
31,23
28,17
30,36
29,11
36,18
33,30
42,9
27,24
33,26
38,46
31,27
26,24
26,22
30,35
35,26
33,23
21,27
27,43
30,49
24,22
33,30
20,26
31,52
28,37
28,9
29,25
31,2
32,29
29,38
22,19
24,15
24,45
33,18
29,41
31,33
24,41
28,42
32,44
29,45
30,34
30,32
35,19
28,15
33,23
34,28
25,18
30,40
30,20
