student_id,study_hours,exam_score
S001,5.9,68
S002,14.3,84
S003,11.1,90
S004,9.2,68
S005,2.8,60
S006,2.8,43
S007,1.3,43
S008,13.1,91
S009,9.2,84
S010,10.8,84
S011,0.8,51
S012,14.6,91
S013,12.6,76
S014,3.6,55
S015,3.1,56
S016,3.2,68
S017,4.9,67
S018,8.1,60
S019,6.8,73
S020,4.7,61
S021,9.4,73
S022,2.5,62
S023,4.7,72
S024,5.8,75
S025,7.1,65
S026,11.9,83
S027,3.4,63
S028,8.0,82
S029,9.1,73
S030,1.2,52
S031,9.3,69
S032,3.0,49
S033,1.4,61
S034,14.3,100
S035,14.5,93
S036,12.2,95
S037,4.9,68
S038,1.9,51
S039,10.4,84
S040,6.9,83
